<?xml version="1.0" encoding="UTF-8"?>
<beans xmlns="http://www.springframework.org/schema/beans"
       xmlns:xsi="http://www.w3.org/2001/XMLSchema-instance"
       xmlns:mvc="http://www.springframework.org/schema/mvc"
       xmlns:context="http://www.springframework.org/schema/context"
       xsi:schemaLocation="
           http://www.springframework.org/schema/beans
           http://www.springframework.org/schema/beans/spring-beans.xsd
           http://www.springframework.org/schema/mvc
           http://www.springframework.org/schema/mvc/spring-mvc.xsd
           http://www.springframework.org/schema/context
           http://www.springframework.org/schema/context/spring-context.xsd">

  <!-- 1) 컴포넌트 스캔 -->
  <context:component-scan base-package="main.web,main.DTC,logging"/>

  <!-- 2) Spring MVC 활성화 -->
  <mvc:annotation-driven/>

  <!-- 3) JSP 뷰 리졸버 -->
  <bean class="org.springframework.web.servlet.view.InternalResourceViewResolver">
    <property name="prefix" value="/WEB-INF/jsp/"/>
    <property name="suffix" value=".jsp"/>
  </bean>

  <!-- 4) 정적 리소스 -->
  <mvc:resources mapping="/img/**" location="/img/">
    <mvc:resource-chain resource-cache="true"/>
  </mvc:resources>

  <!-- 업로드 공개 경로: /uploads/** -->
  <mvc:resources mapping="/uploads/**"
                 location="
                   file:${user.home}/uploads/,
                   file:/root/tomcat/webapps/uploads/,
                   /resources/uploads/
                 ">
    <mvc:resource-chain resource-cache="true"/>
  </mvc:resources>

  <mvc:resources mapping="/resources/**" location="/resources/"/>
  <mvc:resources mapping="/static/**"    location="/static/"/>

  <!-- 5) 멀티파트 업로드 -->
  <bean id="multipartResolver" class="org.springframework.web.multipart.commons.CommonsMultipartResolver">
    <property name="maxUploadSize" value="10485760"/>
    <property name="defaultEncoding" value="UTF-8"/>
  </bean>

  <!-- 6) DB 빈 -->
  <bean id="fmkDatabase" class="main.web.FMK_DB"/>
</beans>