<?xml version="1.0" encoding="UTF-8"?>
<Configuration status="WARN">
  <Properties>
    <!-- 콘솔/파일 공통 패턴: MDC(requestId, ip) 포함 -->
    <Property name="PATTERN_CONSOLE">[%d{HH:mm:ss.SSS}] %-5level req=%X{requestId} ip=%X{ip} %logger{1.} - %msg%n</Property>
    <Property name="PATTERN_FILE">[%d{yyyy-MM-dd HH:mm:ss.SSS}] %-5p req=%X{requestId} ip=%X{ip} %c{1.} - %msg%n</Property>
  </Properties>

  <Appenders>
    <Console name="Console">
      <PatternLayout pattern="${PATTERN_CONSOLE}"/>
    </Console>

    <RollingFile name="File"
                 fileName="${sys:catalina.base}/logs/dpgb.log"
                 filePattern="${sys:catalina.base}/logs/dpgb-%d{yyyy-MM-dd}.%i.log.gz">
      <PatternLayout pattern="${PATTERN_FILE}"/>
      <Policies>
        <TimeBasedTriggeringPolicy/>
        <SizeBasedTriggeringPolicy size="20 MB"/>
      </Policies>
      <DefaultRolloverStrategy max="7"/>
    </RollingFile>
  </Appenders>

  <Loggers>
    <!-- logging 패키지는 전용 로거로 Console/File에만 출력 (중복 방지) -->
    <Logger name="logging" level="info" additivity="false">
      <AppenderRef ref="Console"/>
      <AppenderRef ref="File"/>
    </Logger>

    <Root level="info">
      <AppenderRef ref="Console"/>
      <AppenderRef ref="File"/>
    </Root>
  </Loggers>
</Configuration>
