<?xml version="1.0" encoding="UTF-8"?>
<beans xmlns="http://www.springframework.org/schema/beans"
       xmlns:xsi="http://www.w3.org/2001/XMLSchema-instance"
       xmlns:mvc="http://www.springframework.org/schema/mvc"
       xmlns:context="http://www.springframework.org/schema/context"
       xsi:schemaLocation="
           http://www.springframework.org/schema/beans
           http://www.springframework.org/schema/beans/spring-beans.xsd
           http://www.springframework.org/schema/mvc
           http://www.springframework.org/schema/mvc/spring-mvc.xsd
           http://www.springframework.org/schema/context
           http://www.springframework.org/schema/context/spring-context.xsd">

    <!-- ===== applicationContext.xml 내용 시작 ===== -->
    
    <!-- 컴포넌트 스캔 설정 -->
    <context:component-scan base-package="main.web" />
    
    <!-- FMK_DB 빈 등록 -->
    <bean id="fmkDatabase" class="main.web.FMK_DB" />
    
    <!-- ===== applicationContext.xml 내용 끝 ===== -->


    <!-- ===== dispatcher-servlet.xml 내용 시작 ===== -->

    <!-- MVC 어노테이션 활성화 -->
    <mvc:annotation-driven />
    
    <!-- JSP View Resolver -->
    <bean class="org.springframework.web.servlet.view.InternalResourceViewResolver">
        <property name="prefix" value="/WEB-INF/jsp/" />
        <property name="suffix" value=".jsp" />
    </bean>
    
    <!-- 정적 리소스 설정 -->
    <mvc:resources mapping="/resources/**" location="/resources/" />
    
    <!-- 멀티파트 파일 업로드 설정 -->
    <bean id="multipartResolver" class="org.springframework.web.multipart.commons.CommonsMultipartResolver">
        <property name="maxUploadSize" value="10485760" /> <!-- 10MB -->
        <property name="defaultEncoding" value="UTF-8" />
    </bean>
    
    <!-- ===== dispatcher-servlet.xml 내용 끝 ===== -->
    
</beans>